Mouse ID,Drug,Timepoint,Tumor Volume (mm3),Metastatic Sites
f234,Stelasyn,0,45.0,0
f234,Stelasyn,5,47.3134906249,0
f234,Stelasyn,10,47.90432375140001,0
f234,Stelasyn,15,48.7351971444,1
f234,Stelasyn,20,51.11271292560001,2
f234,Stelasyn,25,52.178602209,2
f234,Stelasyn,30,56.873816543100006,2
f234,Stelasyn,35,57.748758312,2
x402,Stelasyn,0,45.0,0
x402,Stelasyn,5,46.327570271099994,1
x402,Stelasyn,10,46.886962488100004,1
x402,Stelasyn,15,49.1199478021,1
x402,Stelasyn,20,50.4147504143,2
x402,Stelasyn,25,52.4317366358,2
x402,Stelasyn,30,54.3515846335,3
x402,Stelasyn,35,55.2409622264,3
x402,Stelasyn,40,56.6917229436,3
x402,Stelasyn,45,61.6196061525,3
a492,Stelasyn,0,45.0,0
a492,Stelasyn,5,46.40914338899999,0
a492,Stelasyn,10,48.432196607600005,0
a492,Stelasyn,15,51.9852629008,0
a492,Stelasyn,20,53.677192528199996,0
a492,Stelasyn,25,54.70122868399999,1
a492,Stelasyn,30,56.201041043500005,1
a492,Stelasyn,35,57.3085537947,1
a492,Stelasyn,40,57.9284989721,1
a492,Stelasyn,45,60.1220105157,1
w540,Stelasyn,0,45.0,0
w540,Stelasyn,5,45.8853703831,1
w540,Stelasyn,10,47.4590665763,1
w540,Stelasyn,15,48.2501463553,2
w540,Stelasyn,20,50.6727274492,2
w540,Stelasyn,25,52.600269551800004,2
v764,Stelasyn,0,45.0,0
v764,Stelasyn,5,47.0541847448,0
v764,Stelasyn,10,48.1890006167,1
v764,Stelasyn,15,49.4126241794,2
o848,Stelasyn,0,45.0,0
z314,Stelasyn,0,45.0,0
z314,Stelasyn,5,45.934712167,0
g989,Stelasyn,0,45.0,0
g989,Stelasyn,0,45.0,0
g989,Stelasyn,5,48.786801463500005,0
g989,Stelasyn,5,47.5703920761,0
g989,Stelasyn,10,51.7451561314,0
g989,Stelasyn,10,49.8805278017,0
g989,Stelasyn,15,51.3258520692,1
g989,Stelasyn,15,53.442019761000005,0
g989,Stelasyn,20,55.3261220232,1
g989,Stelasyn,20,54.6576500822,1
g989,Stelasyn,25,56.0455635335,1
g989,Stelasyn,30,59.0822939412,1
g989,Stelasyn,35,62.5708796137,2
m269,Stelasyn,0,45.0,0
m269,Stelasyn,5,49.0111800953,0
m269,Stelasyn,10,50.86013006100001,0
m269,Stelasyn,15,55.9053435986,0
m269,Stelasyn,20,61.1458663804,0
m269,Stelasyn,25,64.8930197554,0
m269,Stelasyn,30,67.71250988220001,1
m269,Stelasyn,35,68.689917354,1
m269,Stelasyn,40,70.21464418640001,1
m269,Stelasyn,45,75.1236895484,1
a963,Stelasyn,0,45.0,0
a963,Stelasyn,5,46.23350580859999,0
a963,Stelasyn,10,47.1505220053,0
a963,Stelasyn,15,47.8368521776,0
a963,Stelasyn,20,51.4637344829,0
a963,Stelasyn,25,52.1298037405,0
a963,Stelasyn,30,53.4016673771,1
a963,Stelasyn,35,56.8139764581,1
a963,Stelasyn,40,58.4637868525,1
a963,Stelasyn,45,62.76509316520001,1
t451,Stelasyn,0,45.0,0
t451,Stelasyn,5,48.0471388219,0
t451,Stelasyn,10,48.957919057,0
t451,Stelasyn,15,49.652787722700005,0
t451,Stelasyn,20,51.063677928999994,0
t451,Stelasyn,25,55.527553445200006,0
t451,Stelasyn,30,59.2758226844,0
t451,Stelasyn,35,63.7569896424,0
t451,Stelasyn,40,67.654795994,1
t451,Stelasyn,45,68.711630197,1
p981,Stelasyn,0,45.0,0
p981,Stelasyn,5,47.000627172799994,0
p981,Stelasyn,10,47.5458458532,0
p981,Stelasyn,15,49.6577097279,0
p981,Stelasyn,20,50.3580694704,0
p981,Stelasyn,25,52.5447048014,1
p981,Stelasyn,30,56.3391043173,1
p981,Stelasyn,35,59.1310229741,1
k510,Stelasyn,0,45.0,0
k510,Stelasyn,5,46.6084671022,0
k510,Stelasyn,10,47.658249795500005,1
k510,Stelasyn,15,49.6870516988,1
k510,Stelasyn,20,52.105573819300005,1
h333,Stelasyn,0,45.0,0
h333,Stelasyn,5,45.75172728020001,0
h333,Stelasyn,10,46.233844138900004,1
h333,Stelasyn,15,50.692603580299995,2
h333,Stelasyn,20,51.997806181099996,2
h333,Stelasyn,25,53.7309143434,2
h333,Stelasyn,30,55.4552897489,2
c402,Stelasyn,0,45.0,0
c402,Stelasyn,5,49.3426301024,1
c402,Stelasyn,10,50.5668941174,1
c402,Stelasyn,15,52.2307194355,1
c402,Stelasyn,20,54.883320442700004,2
c402,Stelasyn,25,58.269888527,2
c402,Stelasyn,30,63.7431942843,2
c402,Stelasyn,35,65.80796270020001,2
c402,Stelasyn,40,70.2222967893,2
c402,Stelasyn,45,74.0403901771,3
j984,Stelasyn,0,45.0,0
j984,Stelasyn,5,48.4107210949,1
j984,Stelasyn,10,50.14108401399999,1
j984,Stelasyn,15,51.166756873100006,1
j984,Stelasyn,20,54.37251566689999,1
j984,Stelasyn,25,57.0643547939,1
j984,Stelasyn,30,61.2405057258,1
j984,Stelasyn,35,64.0553989564,1
j984,Stelasyn,40,67.7770803588,1
j984,Stelasyn,45,70.6538316181,1
w697,Stelasyn,0,45.0,0
w697,Stelasyn,5,48.3018226056,1
w697,Stelasyn,10,48.9250560049,2
w697,Stelasyn,15,52.657265186800004,2
w697,Stelasyn,20,54.2280909812,3
w697,Stelasyn,25,57.610394297,3
w697,Stelasyn,30,60.7206359101,3
w697,Stelasyn,35,63.6890421576,3
s619,Stelasyn,0,45.0,0
s619,Stelasyn,5,46.6022687751,0
g867,Stelasyn,0,45.0,0
g867,Stelasyn,5,46.8807491586,0
g867,Stelasyn,10,48.1834016703,0
g867,Stelasyn,15,51.0604192395,1
k862,Stelasyn,0,45.0,0
k862,Stelasyn,5,49.2030578603,0
k862,Stelasyn,10,50.5235500683,1
k862,Stelasyn,15,54.4745336208,1
k862,Stelasyn,20,57.057848183500006,1
k862,Stelasyn,25,58.719297297299995,2
k862,Stelasyn,30,60.605439789799995,3
k862,Stelasyn,35,66.5807224433,3
k862,Stelasyn,40,67.5713412826,4
k862,Stelasyn,45,69.2991490732,4
i901,Stelasyn,0,45.0,0
i901,Stelasyn,5,46.493023919399995,0
i901,Stelasyn,10,50.4212498188,0
i901,Stelasyn,15,51.4196423913,0
i901,Stelasyn,20,55.9744050244,0
i901,Stelasyn,25,56.5751949982,0
i901,Stelasyn,30,60.5918575471,0
i901,Stelasyn,35,62.1273356091,0
i901,Stelasyn,40,64.3034545102,0
i901,Stelasyn,45,65.3418108738,0
b879,Stelasyn,0,45.0,0
b879,Stelasyn,5,49.1561562774,1
b879,Stelasyn,10,50.3389458287,1
b879,Stelasyn,15,51.6183865728,1
b879,Stelasyn,20,53.9834356818,1
b879,Stelasyn,25,56.4699874382,2
b879,Stelasyn,30,60.9076148061,2
b879,Stelasyn,35,64.2608863279,2
b879,Stelasyn,40,67.1891266642,2
b879,Stelasyn,45,72.5552389364,2
p387,Stelasyn,0,45.0,0
p387,Stelasyn,5,48.6676307472,0
p387,Stelasyn,10,53.362962941000006,0
p387,Stelasyn,15,55.2513803256,0
p387,Stelasyn,20,56.5876167975,0
p387,Stelasyn,25,58.098489458500005,0
p387,Stelasyn,30,63.2692455226,0
p387,Stelasyn,35,66.4922037978,1
p387,Stelasyn,40,69.0388761787,1
a366,Stelasyn,0,45.0,0
a366,Stelasyn,5,48.9513677307,0
a366,Stelasyn,10,53.523990068500005,0
a366,Stelasyn,15,55.265581626899994,0
a366,Stelasyn,20,57.2859874161,0
a366,Stelasyn,25,59.0117281702,0
a366,Stelasyn,30,63.440686273599994,1
s565,Stelasyn,0,45.0,0
s565,Stelasyn,5,48.2425521816,0
s565,Stelasyn,10,52.7775270975,0
s565,Stelasyn,15,54.328316635,1
s565,Stelasyn,20,57.0461891185,1
s565,Stelasyn,25,58.5536107924,1
s565,Stelasyn,30,63.6689667821,1
s565,Stelasyn,35,64.77657908649999,2
s565,Stelasyn,40,67.2210069793,2
s565,Stelasyn,45,72.58896446770001,2
j755,Naftisol,0,45.0,0
j755,Naftisol,5,47.242843570299996,0
j755,Naftisol,10,48.167060829499995,0
j755,Naftisol,15,51.4539739071,0
j755,Naftisol,20,55.49660752810001,1
j755,Naftisol,25,58.055818216400006,1
j755,Naftisol,30,60.0072097835,1
j755,Naftisol,35,62.732857600500004,1
j755,Naftisol,40,67.2077102951,1
j755,Naftisol,45,69.56362075979999,1
e213,Naftisol,0,45.0,0
e213,Naftisol,5,45.699250182600004,1
e213,Naftisol,10,47.39157120229999,2
e213,Naftisol,15,51.791695296099995,2
e213,Naftisol,20,52.6137628852,2
e213,Naftisol,25,55.224476148,2
e213,Naftisol,30,56.458728642299995,3
e213,Naftisol,35,58.2458543541,3
e213,Naftisol,40,60.2365479716,3
e213,Naftisol,45,63.105696295200005,4
e584,Naftisol,0,45.0,0
e584,Naftisol,5,45.656978496,0
e584,Naftisol,10,47.2506414788,0
e584,Naftisol,15,48.4304105275,1
e584,Naftisol,20,50.344920952799995,2
e584,Naftisol,25,51.3864190841,2
e584,Naftisol,30,54.9844076668,3
e584,Naftisol,35,58.0865598876,3
e584,Naftisol,40,62.8168708302,4
e584,Naftisol,45,68.3597766991,4
e291,Naftisol,0,45.0,0
e291,Naftisol,5,46.1425048634,0
e291,Naftisol,10,48.5297412455,1
e291,Naftisol,15,49.3484262002,1
e291,Naftisol,20,52.533764786999996,1
e291,Naftisol,25,55.1389525025,2
z795,Naftisol,0,45.0,0
z795,Naftisol,5,46.833474934799995,0
z795,Naftisol,10,48.030803902399995,0
z795,Naftisol,15,49.3681318879,1
z795,Naftisol,20,53.2806571743,1
z795,Naftisol,25,57.9470998402,2
z795,Naftisol,30,59.789635903999994,2
z795,Naftisol,35,60.435654163900004,2
z795,Naftisol,40,62.3766388411,3
z795,Naftisol,45,65.74107029390001,3
x264,Naftisol,0,45.0,0
x264,Naftisol,5,47.0384145045,0
x264,Naftisol,10,47.8871276545,1
x264,Naftisol,15,50.0023140274,1
x264,Naftisol,20,53.074269727,1
x264,Naftisol,25,56.8910528277,2
x264,Naftisol,30,58.1586942342,3
x264,Naftisol,35,61.2996077776,4
x264,Naftisol,40,63.2832882078,4
v199,Naftisol,0,45.0,0
r701,Naftisol,0,45.0,0
r701,Naftisol,5,46.886971367,0
r701,Naftisol,10,49.6545963593,0
r701,Naftisol,15,52.4848044296,0
r701,Naftisol,20,54.114137417799995,0
r701,Naftisol,25,57.89848998,1
r701,Naftisol,30,60.3418187213,1
r701,Naftisol,35,64.730010445,1
r701,Naftisol,40,66.6407217789,1
r701,Naftisol,45,69.7785440734,1
t724,Naftisol,0,45.0,0
t724,Naftisol,5,46.359258294300005,0
t724,Naftisol,10,50.703899650699995,0
t724,Naftisol,15,55.584617236499994,0
t724,Naftisol,20,57.229409142799994,0
t724,Naftisol,25,59.826067973,1
t724,Naftisol,30,64.2345946982,2
t724,Naftisol,35,67.7443279491,2
t724,Naftisol,40,69.7283255901,2
t724,Naftisol,45,75.1132880077,2
a818,Naftisol,0,45.0,0
a818,Naftisol,5,45.696708639499995,0
a818,Naftisol,10,49.7909194758,0
a818,Naftisol,15,51.227565649700004,0
a818,Naftisol,20,54.8346244991,0
a818,Naftisol,25,56.9662733232,0
a818,Naftisol,30,60.0723719791,0
a818,Naftisol,35,63.298545858400004,0
a818,Naftisol,40,69.2738137369,1
a818,Naftisol,45,74.9977644288,2
v295,Naftisol,0,45.0,0
v295,Naftisol,5,46.111817974,1
v295,Naftisol,10,47.539462157299994,2
v295,Naftisol,15,50.6660539088,2
v295,Naftisol,20,55.731375354899996,3
v295,Naftisol,25,57.6918591767,3
v295,Naftisol,30,59.3337720245,3
v295,Naftisol,35,61.8931526689,3
v295,Naftisol,40,65.4660744433,3
m133,Naftisol,0,45.0,0
m133,Naftisol,5,46.621301269700005,0
m133,Naftisol,10,47.5033380291,0
m133,Naftisol,15,48.6652074029,1
m133,Naftisol,20,52.636882487,1
m133,Naftisol,25,54.0824366171,2
l725,Naftisol,0,45.0,0
l725,Naftisol,5,48.7363188117,1
l725,Naftisol,10,50.8239115379,2
l725,Naftisol,15,54.24456268310001,2
l725,Naftisol,20,59.615154796800006,2
l725,Naftisol,25,65.008828889,2
l725,Naftisol,30,66.5995451484,3
l725,Naftisol,35,69.125701726,3
l725,Naftisol,40,73.69349381880001,3
l725,Naftisol,45,76.66881741729999,3
x336,Naftisol,0,45.0,0
l700,Naftisol,0,45.0,0
l700,Naftisol,5,45.918371650699996,0
l700,Naftisol,10,47.013566517700006,1
l700,Naftisol,15,49.040225293999995,1
l700,Naftisol,20,50.7347681083,1
l700,Naftisol,25,54.234501806400004,1
l700,Naftisol,30,56.6532149954,1
l700,Naftisol,35,61.4626035412,1
l700,Naftisol,40,62.9866779843,1
l700,Naftisol,45,63.9466404372,1
n304,Naftisol,0,45.0,0
n304,Naftisol,5,46.431216293199995,0
n304,Naftisol,10,47.201250968400004,0
n304,Naftisol,15,48.477978952,0
n304,Naftisol,20,49.2533086334,1
n304,Naftisol,25,53.970859244799996,2
n304,Naftisol,30,55.0390198529,3
n304,Naftisol,35,57.12241925560001,4
n304,Naftisol,40,59.8305066732,4
n304,Naftisol,45,63.5863951382,4
r604,Naftisol,0,45.0,0
r604,Naftisol,5,47.067744482399995,1
r604,Naftisol,10,48.7865595745,1
r604,Naftisol,15,51.0745207273,1
r604,Naftisol,20,51.9027529201,1
r604,Naftisol,25,52.9368581162,1
r604,Naftisol,30,54.688215356,2
r604,Naftisol,35,59.217000146000004,2
r604,Naftisol,40,60.1861153114,2
r604,Naftisol,45,62.670759039,3
v835,Naftisol,0,45.0,0
v835,Naftisol,5,47.1560107135,0
v835,Naftisol,10,48.9659179711,0
v835,Naftisol,15,50.5452064621,1
v835,Naftisol,20,51.296542658999996,2
z969,Naftisol,0,45.0,0
z969,Naftisol,5,49.3329987284,0
z969,Naftisol,10,52.6560814792,1
z969,Naftisol,15,54.713004523900004,2
z969,Naftisol,20,57.8987782255,2
z969,Naftisol,25,63.1456521274,2
z969,Naftisol,30,65.8410127448,3
z969,Naftisol,35,69.17624606689999,4
z969,Naftisol,40,70.3149041142,4
z969,Naftisol,45,73.8678447583,4
o725,Naftisol,0,45.0,0
o725,Naftisol,5,46.88982097939999,0
o725,Naftisol,10,48.199451995100006,0
o725,Naftisol,15,50.0150790177,1
y601,Naftisol,0,45.0,0
y601,Naftisol,5,48.4750027309,1
x930,Naftisol,0,45.0,0
x930,Naftisol,5,46.078233754799996,0
x930,Naftisol,10,50.2606944112,0
x930,Naftisol,15,51.9737686396,0
x930,Naftisol,20,52.5560657478,0
x930,Naftisol,25,53.726101300699995,0
b559,Naftisol,0,45.0,0
b559,Naftisol,5,47.409897307,0
b559,Naftisol,10,48.0364320179,0
b559,Naftisol,15,51.3788622899,0
b559,Naftisol,20,55.654455716899996,1
b559,Naftisol,25,57.043669290699995,1
b559,Naftisol,30,61.19038662609999,1
b559,Naftisol,35,65.7057627543,1
b559,Naftisol,40,69.9696164479,1
b559,Naftisol,45,73.0513633905,1
z234,Naftisol,0,45.0,0
z234,Naftisol,5,46.129357058500005,1
f993,Naftisol,0,45.0,0
f993,Naftisol,5,46.3957596587,0
f993,Naftisol,10,48.1853732268,0
f993,Naftisol,15,49.1069747343,1
f993,Naftisol,20,52.0795100926,1
q119,Ketapril,0,45.0,0
q119,Ketapril,5,47.864440003199995,0
q119,Ketapril,10,51.236605572399995,0
n923,Ketapril,0,45.0,0
n923,Ketapril,5,45.8248809938,0
n923,Ketapril,10,48.791949861499994,1
n923,Ketapril,15,51.7387062263,1
n923,Ketapril,20,52.599206108000004,1
n923,Ketapril,25,56.85546497520001,2
n923,Ketapril,30,59.632560523100004,3
n923,Ketapril,35,60.3562943168,3
n923,Ketapril,40,66.22960553909999,3
p189,Ketapril,0,45.0,0
p189,Ketapril,5,49.048707041499995,1
p189,Ketapril,10,51.582161675600005,2
p189,Ketapril,15,53.6755415046,2
p189,Ketapril,20,56.5302044709,3
p189,Ketapril,25,62.108959561300004,3
p189,Ketapril,30,67.1045366507,4
p189,Ketapril,35,67.87377675180001,4
p189,Ketapril,40,74.10609077310001,4
p189,Ketapril,45,75.2949359046,4
h246,Ketapril,0,45.0,0
h246,Ketapril,5,49.470417015100004,0
h246,Ketapril,10,51.3688621605,1
h246,Ketapril,15,56.1843270149,1
h246,Ketapril,20,57.9359121766,1
h246,Ketapril,25,59.5488536968,1
h246,Ketapril,30,63.5996095357,1
h246,Ketapril,35,67.211270096,2
h246,Ketapril,40,71.1508346844,2
h246,Ketapril,45,74.1040856682,2
c819,Ketapril,0,45.0,0
c819,Ketapril,5,45.769248642200004,1
c819,Ketapril,10,46.6583952671,1
c819,Ketapril,15,48.3709991154,1
c819,Ketapril,20,49.7624147548,1
c819,Ketapril,25,51.8283570592,1
c819,Ketapril,30,56.0989981962,1
c819,Ketapril,35,57.7295346636,1
c819,Ketapril,40,62.175704646099994,1
a457,Ketapril,0,45.0,0
a457,Ketapril,5,47.46289099770001,0
a457,Ketapril,10,49.7834189373,0
g107,Ketapril,0,45.0,0
g107,Ketapril,5,48.791664955200005,0
g107,Ketapril,10,53.435986676400006,0
g107,Ketapril,15,58.1355448458,0
g107,Ketapril,20,62.7060314471,0
g107,Ketapril,25,64.6636257923,0
g107,Ketapril,30,69.1605198228,0
g107,Ketapril,35,71.9051172092,0
f932,Ketapril,0,45.0,0
y260,Ketapril,0,45.0,0
y260,Ketapril,5,46.79983867,0
y260,Ketapril,10,48.0818067794,1
y260,Ketapril,15,50.1961522424,2
y260,Ketapril,20,50.7295817393,3
y260,Ketapril,25,54.437561723,4
y260,Ketapril,30,58.5826763418,4
y260,Ketapril,35,59.603558210900005,4
y260,Ketapril,40,60.9141762702,4
y260,Ketapril,45,62.909440620299996,4
k382,Ketapril,0,45.0,0
k382,Ketapril,5,46.274997348,1
k382,Ketapril,10,50.180967626400005,1
k382,Ketapril,15,54.42916821359999,1
k382,Ketapril,20,57.8243507069,2
k382,Ketapril,25,59.503903917799995,3
k382,Ketapril,30,63.469441546400006,4
k382,Ketapril,35,66.079184831,4
k382,Ketapril,40,67.4209552138,4
k382,Ketapril,45,73.7156189986,4
c580,Ketapril,0,45.0,0
c580,Ketapril,5,46.628454796999996,0
c580,Ketapril,10,47.5701738225,1
c580,Ketapril,15,51.991708001800006,1
c580,Ketapril,20,55.575321945,2
c580,Ketapril,25,56.2890623117,2
c580,Ketapril,30,58.0465694091,3
w422,Ketapril,0,45.0,0
w422,Ketapril,5,48.45745927270001,0
w422,Ketapril,10,49.9359702353,0
w422,Ketapril,15,52.2463098495,0
w422,Ketapril,20,53.676243359,1
w422,Ketapril,25,56.9579171512,2
w422,Ketapril,30,60.0966346716,3
w422,Ketapril,35,61.4096199392,4
w422,Ketapril,40,63.0725846692,4
w422,Ketapril,45,67.9895300127,4
m550,Ketapril,0,45.0,0
m550,Ketapril,5,49.0540973629,1
m550,Ketapril,10,50.5480345687,2
m550,Ketapril,15,51.166065441499995,3
m550,Ketapril,20,53.7579447558,3
m550,Ketapril,25,57.620682368999994,4
m550,Ketapril,30,60.8565427184,4
m550,Ketapril,35,62.5391538587,4
m550,Ketapril,40,68.2107201909,4
m550,Ketapril,45,69.2535031225,4
v289,Ketapril,0,45.0,0
v289,Ketapril,5,46.204460026999996,0
v289,Ketapril,10,48.1334820691,0
v289,Ketapril,15,52.6021656439,0
v289,Ketapril,20,54.2500539748,0
v289,Ketapril,25,56.7200954451,0
m650,Ketapril,0,45.0,0
m650,Ketapril,5,48.5624949203,1
m650,Ketapril,10,50.9689976283,1
m650,Ketapril,15,53.149559331099994,1
m650,Ketapril,20,56.7779387968,2
m650,Ketapril,25,62.2535969021,2
m650,Ketapril,30,64.90188754729999,3
m650,Ketapril,35,69.2657468118,4
m650,Ketapril,40,70.7970678729,4
m650,Ketapril,45,73.9013991214,4
l264,Ketapril,0,45.0,0
l264,Ketapril,5,46.6687664579,0
l264,Ketapril,10,50.6595809445,0
o331,Ketapril,0,45.0,0
o331,Ketapril,5,47.0596640836,1
o331,Ketapril,10,50.12845481430001,1
o331,Ketapril,15,54.789767686800005,1
o331,Ketapril,20,58.9657204314,1
o331,Ketapril,25,61.102305748199996,1
o331,Ketapril,30,66.3306634729,1
o331,Ketapril,35,70.126237536,2
o331,Ketapril,40,71.4477425103,3
o331,Ketapril,45,78.56701362140001,4
c832,Ketapril,0,45.0,0
c832,Ketapril,5,48.6854612346,1
c832,Ketapril,10,49.8114126213,1
c832,Ketapril,15,52.8645344875,1
c832,Ketapril,20,56.7102335288,1
c832,Ketapril,25,58.8918164429,2
c832,Ketapril,30,60.4963757866,2
c832,Ketapril,35,61.124487169700004,2
c832,Ketapril,40,62.5723181635,2
c832,Ketapril,45,65.415954505,3
o973,Ketapril,0,45.0,0
o973,Ketapril,5,46.7178772684,0
o973,Ketapril,10,48.2457904318,0
o973,Ketapril,15,49.871935818500006,0
o973,Ketapril,20,51.9569930962,1
o973,Ketapril,25,53.179814707700004,1
o973,Ketapril,30,57.7699595186,1
o973,Ketapril,35,60.2422193118,1
o973,Ketapril,40,64.4878124585,2
d474,Ketapril,0,45.0,0
d474,Ketapril,5,45.9183522533,0
d474,Ketapril,10,46.974962972700006,0
d474,Ketapril,15,47.7779358439,0
d474,Ketapril,20,51.731494160299995,0
d474,Ketapril,25,54.2793246201,0
d474,Ketapril,30,55.3413415734,0
d474,Ketapril,35,56.47911256890001,0
d474,Ketapril,40,60.233732778100006,1
g497,Ketapril,0,45.0,0
g497,Ketapril,5,48.782068780799996,0
g497,Ketapril,10,49.6470864981,0
g497,Ketapril,15,53.646168043500005,1
g497,Ketapril,20,55.0969935585,1
g497,Ketapril,25,57.524446106199996,2
g497,Ketapril,30,61.1081859982,2
g497,Ketapril,35,64.0948892973,2
g497,Ketapril,40,67.7428140557,2
g497,Ketapril,45,69.87225079470001,2
f278,Ketapril,0,45.0,0
f278,Ketapril,5,48.1945778805,0
v603,Ketapril,0,45.0,0
v603,Ketapril,5,46.0160059345,0
v603,Ketapril,10,47.830556800699995,0
v603,Ketapril,15,52.1029474359,0
v603,Ketapril,20,53.7212419313,0
v603,Ketapril,25,56.0752300146,1
v603,Ketapril,30,57.99055377609999,1
v603,Ketapril,35,63.189431838599994,1
u327,Ketapril,0,45.0,0
u327,Ketapril,5,45.694188046099995,0
u327,Ketapril,10,49.2352594778,0
u327,Ketapril,15,50.6599643742,0
u327,Ketapril,20,53.189879068100005,0
u327,Ketapril,25,56.0596340925,0
u327,Ketapril,30,57.3140723863,0
u327,Ketapril,35,58.089028365,1
u327,Ketapril,40,60.466545411800006,1
u327,Ketapril,45,66.2688013293,2
h428,Ketapril,0,45.0,0
b128,Capomulin,0,45.0,0
b128,Capomulin,5,45.6513313083,0
b128,Capomulin,10,43.2708519028,0
b128,Capomulin,15,43.784893429600004,0
b128,Capomulin,20,42.7315519999,0
b128,Capomulin,25,43.262144827700006,1
b128,Capomulin,30,40.6053348648,1
b128,Capomulin,35,37.967644366900004,1
b128,Capomulin,40,38.3797259008,2
b128,Capomulin,45,38.9828777369,2
r944,Capomulin,0,45.0,0
r944,Capomulin,5,45.7371448423,0
r944,Capomulin,10,46.5442920172,0
r944,Capomulin,15,47.37342325109999,0
r944,Capomulin,20,43.225671192600004,1
r944,Capomulin,25,41.0869910555,1
r944,Capomulin,30,41.680791107,1
r944,Capomulin,35,40.4017654219,2
r944,Capomulin,40,41.042044904,2
r944,Capomulin,45,41.5815207362,2
s185,Capomulin,0,45.0,0
s185,Capomulin,5,43.878495686099996,0
s185,Capomulin,10,37.6149476787,0
s185,Capomulin,15,38.1772319541,0
s185,Capomulin,20,36.8668757626,0
s185,Capomulin,25,33.9499403692,0
s185,Capomulin,30,32.959670775999996,1
s185,Capomulin,35,28.32853059,1
s185,Capomulin,40,25.4721432616,1
s185,Capomulin,45,23.3435978665,1
w914,Capomulin,0,45.0,0
w914,Capomulin,5,45.893720323900006,0
w914,Capomulin,10,43.2319627458,0
w914,Capomulin,15,43.688448926599996,0
w914,Capomulin,20,41.108092328000005,0
w914,Capomulin,25,40.2919166099,0
w914,Capomulin,30,40.99311013,0
w914,Capomulin,35,41.6649157736,1
w914,Capomulin,40,35.6113086052,2
w914,Capomulin,45,36.0410473598,2
l897,Capomulin,0,45.0,0
l897,Capomulin,5,45.462243267299996,0
l897,Capomulin,10,46.154737213699995,0
l897,Capomulin,15,44.0615213987,0
l897,Capomulin,20,44.813093430600006,0
l897,Capomulin,25,45.3546791646,0
l897,Capomulin,30,39.3527920101,1
l897,Capomulin,35,37.682766641,1
l897,Capomulin,40,38.3439015408,1
l897,Capomulin,45,38.8468756907,1
b742,Capomulin,0,45.0,0
b742,Capomulin,5,41.5340970177,0
b742,Capomulin,10,41.9992281339,0
b742,Capomulin,15,39.5248430117,0
b742,Capomulin,20,37.950355464,0
b742,Capomulin,25,38.617684334699995,0
b742,Capomulin,30,39.1679494956,0
b742,Capomulin,35,39.8475755554,0
b742,Capomulin,40,38.255627397800005,0
b742,Capomulin,45,38.9396326337,0
f966,Capomulin,0,45.0,0
f966,Capomulin,5,38.7964737318,0
f966,Capomulin,10,35.6244026972,0
f966,Capomulin,15,32.6230025264,0
f966,Capomulin,20,30.4859848438,0
u364,Capomulin,0,45.0,0
u364,Capomulin,5,45.760886472799996,1
u364,Capomulin,10,46.5684171913,2
u364,Capomulin,15,47.212199924,2
u364,Capomulin,20,40.3439481218,2
u364,Capomulin,25,35.5036155664,2
u364,Capomulin,30,35.9783343964,2
u364,Capomulin,35,35.4594897809,2
u364,Capomulin,40,36.0241375158,2
u364,Capomulin,45,31.0239229361,3
j119,Capomulin,0,45.0,0
j119,Capomulin,5,45.8389978688,0
j119,Capomulin,10,46.425365507799995,0
j119,Capomulin,15,47.322984279799996,0
j119,Capomulin,20,48.1582093856,1
j119,Capomulin,25,42.4171658876,1
j119,Capomulin,30,43.0136811371,1
j119,Capomulin,35,43.7657053733,1
j119,Capomulin,40,44.5850895996,1
j119,Capomulin,45,38.1251643976,1
l509,Capomulin,0,45.0,0
l509,Capomulin,5,45.8511928534,0
l509,Capomulin,10,46.7590736347,0
l509,Capomulin,15,47.4885993127,1
l509,Capomulin,20,48.0704516203,2
l509,Capomulin,25,44.006257018,2
l509,Capomulin,30,44.708054732600004,2
l509,Capomulin,35,40.2072885023,2
l509,Capomulin,40,40.7708125938,2
l509,Capomulin,45,41.4830076486,3
m957,Capomulin,0,45.0,0
m957,Capomulin,5,45.622381489700004,1
m957,Capomulin,10,46.4145177047,1
m957,Capomulin,15,39.8044534147,1
m957,Capomulin,20,38.9093491935,1
m957,Capomulin,25,37.695431538200005,1
m957,Capomulin,30,38.2124793925,1
m957,Capomulin,35,32.5628391419,1
m957,Capomulin,40,32.9476148417,1
m957,Capomulin,45,33.3290977815,1
g316,Capomulin,0,45.0,0
g316,Capomulin,5,44.022752456499994,0
g316,Capomulin,10,44.5020424625,0
g316,Capomulin,15,45.21674299439999,0
g316,Capomulin,20,45.933322187899996,1
g316,Capomulin,25,46.8092246925,1
g316,Capomulin,30,44.221479879600004,2
g316,Capomulin,35,44.7028329625,2
g316,Capomulin,40,45.56582103109999,2
g316,Capomulin,45,40.159220298600005,2
r554,Capomulin,0,45.0,0
r554,Capomulin,5,45.781745793,1
r554,Capomulin,10,39.0054934991,2
r554,Capomulin,15,35.463757627199996,2
r554,Capomulin,20,36.0155885796,2
r554,Capomulin,25,33.893345148499996,3
r554,Capomulin,30,32.6806545885,3
r554,Capomulin,35,33.0693370516,3
r554,Capomulin,40,31.804841329699997,3
r554,Capomulin,45,32.3773568408,3
g288,Capomulin,0,45.0,0
g288,Capomulin,5,45.839399762700005,0
g288,Capomulin,10,46.3040025385,1
g288,Capomulin,15,42.1723007862,1
g288,Capomulin,20,42.9571200134,1
g288,Capomulin,25,42.368692385,1
g288,Capomulin,30,42.8744605586,1
g288,Capomulin,35,38.9541145767,1
g288,Capomulin,40,36.356851210500004,1
g288,Capomulin,45,37.0740242155,1
y793,Capomulin,0,45.0,0
y793,Capomulin,5,41.019913149699995,0
y793,Capomulin,10,41.6300102575,1
y793,Capomulin,15,42.283665123,1
y793,Capomulin,20,40.7164281529,2
y793,Capomulin,25,38.992733904,2
y793,Capomulin,30,35.72602314,2
y793,Capomulin,35,36.3278695997,2
y793,Capomulin,40,31.4754107558,2
y793,Capomulin,45,31.8962383998,2
i738,Capomulin,0,45.0,0
i738,Capomulin,5,45.595685269899995,0
i738,Capomulin,10,43.4210141409,0
i738,Capomulin,15,37.978777818000005,0
i738,Capomulin,20,38.5311363449,0
i738,Capomulin,25,34.9734376085,0
i738,Capomulin,30,35.5787798701,1
i738,Capomulin,35,36.1759526888,1
i738,Capomulin,40,36.8438979862,2
i738,Capomulin,45,37.3118457744,2
s710,Capomulin,0,45.0,0
s710,Capomulin,5,43.1809773956,0
s710,Capomulin,10,43.6880262658,0
s710,Capomulin,15,41.845235362800004,0
s710,Capomulin,20,42.629962657600004,1
s710,Capomulin,25,43.0604087491,1
s710,Capomulin,30,43.5717032336,1
s710,Capomulin,35,44.1605187913,1
s710,Capomulin,40,40.1719201094,1
s710,Capomulin,45,40.728577871599995,1
i557,Capomulin,0,45.0,0
i557,Capomulin,5,42.261665299899995,0
i557,Capomulin,10,42.9920765835,0
i557,Capomulin,15,43.5298757037,0
i557,Capomulin,20,43.9678951624,0
i557,Capomulin,25,44.59621854270001,0
i557,Capomulin,30,45.2613838113,0
i557,Capomulin,35,45.9419490139,0
i557,Capomulin,40,46.821069715600004,1
i557,Capomulin,45,47.6859630331,1
v923,Capomulin,0,45.0,0
v923,Capomulin,5,45.7044343138,0
v923,Capomulin,10,39.848223284899994,0
v923,Capomulin,15,40.4579887681,0
v923,Capomulin,20,39.6482956778,0
v923,Capomulin,25,40.1564126858,1
v923,Capomulin,30,40.7522162629,2
v923,Capomulin,35,41.4392415569,2
v923,Capomulin,40,42.1510147986,2
v923,Capomulin,45,40.6581236579,2
x401,Capomulin,0,45.0,0
x401,Capomulin,5,45.4737530157,0
x401,Capomulin,10,39.113890678800004,0
x401,Capomulin,15,39.7762500318,0
x401,Capomulin,20,36.065834708000004,0
x401,Capomulin,25,36.617120313499996,0
x401,Capomulin,30,32.915291864000004,0
x401,Capomulin,35,30.2068248766,0
x401,Capomulin,40,28.167397323099998,0
x401,Capomulin,45,28.4840328114,0
m601,Capomulin,0,45.0,0
m601,Capomulin,5,41.408591450100005,1
m601,Capomulin,10,36.825366635900004,1
m601,Capomulin,15,35.464611749,1
m601,Capomulin,20,34.2557316964,1
m601,Capomulin,25,33.1187560745,1
m601,Capomulin,30,31.758274905100002,1
m601,Capomulin,35,30.834357039,1
m601,Capomulin,40,31.378045301900002,1
m601,Capomulin,45,28.4309641063,1
w150,Capomulin,0,45.0,0
w150,Capomulin,5,39.2021289432,0
w150,Capomulin,10,39.9523466857,0
t565,Capomulin,0,45.0,0
t565,Capomulin,5,45.8956472045,0
t565,Capomulin,10,46.7490055228,0
t565,Capomulin,15,44.440948608599996,0
t565,Capomulin,20,39.0702137997,0
t565,Capomulin,25,37.3422097633,0
t565,Capomulin,30,32.8689161734,0
t565,Capomulin,35,33.5156706323,0
t565,Capomulin,40,33.9493413058,0
t565,Capomulin,45,34.4552979914,0
r157,Capomulin,0,45.0,0
r157,Capomulin,5,45.5970635931,0
r157,Capomulin,10,46.059608267,0
r157,Capomulin,15,46.539206172,0
j246,Capomulin,0,45.0,0
j246,Capomulin,5,45.6414378763,0
j246,Capomulin,10,46.4083612964,0
j246,Capomulin,15,43.3126541493,0
j246,Capomulin,20,44.020370085500005,0
j246,Capomulin,25,44.5552259519,0
j246,Capomulin,30,38.044082019,1
j246,Capomulin,35,38.7532654788,1
q132,Infubinol,0,45.0,0
q132,Infubinol,5,46.7163985039,1
q132,Infubinol,10,47.9538437692,2
q132,Infubinol,15,49.159748620500004,3
q132,Infubinol,20,51.909024942799995,4
q132,Infubinol,25,52.780489297200006,4
q132,Infubinol,30,54.65654872100001,4
i386,Infubinol,0,45.0,0
i386,Infubinol,5,46.853696687399996,1
i386,Infubinol,10,49.8615473917,2
i386,Infubinol,15,51.7365608832,2
i386,Infubinol,20,55.0877244473,2
i386,Infubinol,25,56.68786391770001,3
i386,Infubinol,30,59.1336402878,3
i386,Infubinol,35,64.9254203733,3
i386,Infubinol,40,67.2896214667,4
a251,Infubinol,0,45.0,0
a251,Infubinol,5,46.9821271904,0
a251,Infubinol,10,48.5911790054,1
a251,Infubinol,15,50.5344560313,1
a251,Infubinol,20,54.4625937637,1
a251,Infubinol,25,57.4146456985,1
a251,Infubinol,30,59.8612412853,1
a251,Infubinol,35,60.9038845483,1
a251,Infubinol,40,63.0950756519,1
a251,Infubinol,45,65.5257428523,1
z581,Infubinol,0,45.0,0
z581,Infubinol,5,49.273091866,1
z581,Infubinol,10,50.478750159099995,2
z581,Infubinol,15,51.196304201400004,2
z581,Infubinol,20,51.807944156000005,2
z581,Infubinol,25,54.3164068167,2
z581,Infubinol,30,56.2867499051,2
z581,Infubinol,35,58.6283987816,3
z581,Infubinol,40,60.053739633999996,3
z581,Infubinol,45,62.754451407299996,3
o809,Infubinol,0,45.0,0
o809,Infubinol,5,46.8772431606,0
o809,Infubinol,10,48.6707318029,0
o809,Infubinol,15,49.68344504,1
o809,Infubinol,20,50.3365528785,1
o809,Infubinol,25,52.3181740669,1
o809,Infubinol,30,54.832628797299996,1
o809,Infubinol,35,55.629428464600004,1
k804,Infubinol,0,45.0,0
k804,Infubinol,5,48.2662036417,0
k804,Infubinol,10,49.471244186199996,0
k804,Infubinol,15,50.477618236800005,0
k804,Infubinol,20,54.484519445100005,0
k804,Infubinol,25,55.6748079834,1
k804,Infubinol,30,59.24061511359999,2
k804,Infubinol,35,62.117278866099994,2
k483,Infubinol,0,45.0,0
k483,Infubinol,5,46.6110557083,0
k483,Infubinol,10,50.2960412296,1
k483,Infubinol,15,53.2444581257,1
k483,Infubinol,20,54.7789605219,1
k483,Infubinol,25,57.4320073076,2
k483,Infubinol,30,59.747077081899995,2
k483,Infubinol,35,60.5415615864,2
k483,Infubinol,40,64.13872489020001,3
k483,Infubinol,45,66.1969115113,3
y163,Infubinol,0,45.0,0
y163,Infubinol,5,48.284970156199996,0
y163,Infubinol,10,49.112399097700006,1
y163,Infubinol,15,51.523068431700004,1
y163,Infubinol,20,54.57107607060001,1
y163,Infubinol,25,56.1763845158,1
y163,Infubinol,30,59.41253724,2
y163,Infubinol,35,61.7301956164,2
y163,Infubinol,40,63.6206795825,2
y163,Infubinol,45,67.68556862300001,3
a577,Infubinol,0,45.0,0
a577,Infubinol,5,46.1977199027,1
a577,Infubinol,10,49.509638899399995,1
a577,Infubinol,15,50.915006624499995,2
a577,Infubinol,20,52.3651845662,2
a577,Infubinol,25,54.38093153810001,2
a577,Infubinol,30,57.0318618675,2
v339,Infubinol,0,45.0,0
v339,Infubinol,5,46.2501121227,0
c139,Infubinol,0,45.0,0
c139,Infubinol,5,48.7531120759,0
c139,Infubinol,10,49.99295390939999,0
c139,Infubinol,15,51.8332246013,0
c139,Infubinol,20,56.7420068107,0
c139,Infubinol,25,61.4619697626,0
c139,Infubinol,30,64.1498707741,1
c139,Infubinol,35,67.8214196868,1
c139,Infubinol,40,69.4281409486,2
c139,Infubinol,45,72.2267308995,2
c326,Infubinol,0,45.0,0
c326,Infubinol,5,49.3402031759,0
v719,Infubinol,0,45.0,0
v719,Infubinol,5,47.1883632534,0
v719,Infubinol,10,51.4970541179,1
v719,Infubinol,15,52.609107575799996,1
v719,Infubinol,20,54.0486076896,1
c895,Infubinol,0,45.0,0
c895,Infubinol,5,45.47754399,0
c895,Infubinol,10,49.779015424499995,0
c895,Infubinol,15,52.949464741499995,1
c895,Infubinol,20,53.676839604499996,2
c895,Infubinol,25,57.5341928813,2
c895,Infubinol,30,60.9697113308,2
f345,Infubinol,0,45.0,0
f345,Infubinol,5,45.5911466041,0
f345,Infubinol,10,47.2224461932,0
f345,Infubinol,15,48.352238540500004,0
f345,Infubinol,20,49.6133830266,0
f345,Infubinol,25,53.078894402799996,0
f345,Infubinol,30,54.3637973094,1
f345,Infubinol,35,56.5233272649,1
f345,Infubinol,40,58.315592504099996,1
f345,Infubinol,45,60.9187665154,1
a203,Infubinol,0,45.0,0
a203,Infubinol,5,48.508468400699996,0
a203,Infubinol,10,51.852437204,1
a203,Infubinol,15,52.77787049770001,1
a203,Infubinol,20,55.173336477700005,1
a203,Infubinol,25,56.7932083242,1
a203,Infubinol,30,59.5231972822,1
a203,Infubinol,35,61.93165006939999,2
a203,Infubinol,40,63.593490019499995,2
a203,Infubinol,45,67.9734187806,2
w584,Infubinol,0,45.0,0
w584,Infubinol,5,46.0519307545,0
w584,Infubinol,10,47.29850793600001,0
w584,Infubinol,15,51.26543971,0
w584,Infubinol,20,53.3235074308,1
w584,Infubinol,25,55.6508379117,1
w584,Infubinol,30,58.2684424837,1
e476,Infubinol,0,45.0,0
e476,Infubinol,5,47.11180112979999,0
e476,Infubinol,10,49.431685363199996,0
e476,Infubinol,15,54.0462126734,0
e476,Infubinol,20,55.249272955100004,0
e476,Infubinol,25,57.4086380039,0
e476,Infubinol,30,57.99279743,1
e476,Infubinol,35,60.0643402029,1
e476,Infubinol,40,61.5252758296,1
e476,Infubinol,45,62.4354040184,1
w193,Infubinol,0,45.0,0
w193,Infubinol,5,45.4938580222,0
w193,Infubinol,10,48.3465504575,0
w193,Infubinol,15,49.385573728999994,0
w193,Infubinol,20,50.005138074499996,0
v766,Infubinol,0,45.0,0
v766,Infubinol,5,48.1512509146,1
v766,Infubinol,10,50.3631098827,1
v766,Infubinol,15,51.5424305838,1
s121,Infubinol,0,45.0,0
s121,Infubinol,5,45.6356617442,1
s121,Infubinol,10,49.0488347855,1
s121,Infubinol,15,50.824560307700004,2
s121,Infubinol,20,52.005065899899996,2
s121,Infubinol,25,55.65068131899999,2
n671,Infubinol,0,45.0,0
n671,Infubinol,5,47.3538893818,0
n671,Infubinol,10,51.0393565292,0
n671,Infubinol,15,54.216064105200005,0
n671,Infubinol,20,54.822520906099996,0
n671,Infubinol,25,56.174457851099994,0
n671,Infubinol,30,60.1651804559,0
m756,Infubinol,0,45.0,0
m756,Infubinol,5,47.0103640056,1
o813,Infubinol,0,45.0,0
o813,Infubinol,5,45.699330877799994,0
a685,Infubinol,0,45.0,0
a685,Infubinol,5,46.870482556800006,0
a685,Infubinol,10,47.664752644,0
a685,Infubinol,15,48.951474422,0
a685,Infubinol,20,49.490559016999995,0
a685,Infubinol,25,51.93995092270001,0
a685,Infubinol,30,55.4538551891,1
a685,Infubinol,35,58.0926292504,1
a685,Infubinol,40,60.5679037056,2
a685,Infubinol,45,66.08306589,3
h531,Ceftamin,0,45.0,0
h531,Ceftamin,5,47.78468180350001,0
w151,Ceftamin,0,45.0,0
w151,Ceftamin,5,45.5460759472,1
w151,Ceftamin,10,46.501476088500006,1
w151,Ceftamin,15,47.2429286461,1
w151,Ceftamin,20,49.5542629542,2
w151,Ceftamin,25,51.8690586965,2
w151,Ceftamin,30,56.7671582075,2
w151,Ceftamin,35,58.3391409547,2
w151,Ceftamin,40,62.187950389099996,2
w151,Ceftamin,45,67.5274823673,3
b447,Ceftamin,0,45.0,0
u153,Ceftamin,0,45.0,0
j296,Ceftamin,0,45.0,0
j296,Ceftamin,5,46.799255907299994,1
j296,Ceftamin,10,48.529977621099995,2
j296,Ceftamin,15,50.7012795885,2
j296,Ceftamin,20,54.005342088999996,3
j296,Ceftamin,25,55.76714817,3
j296,Ceftamin,30,56.803061207,3
j296,Ceftamin,35,58.714482958199994,3
j296,Ceftamin,40,60.0726884804,3
j296,Ceftamin,45,61.8490233555,3
l661,Ceftamin,0,45.0,0
l661,Ceftamin,5,46.2687990432,0
l661,Ceftamin,10,49.6836195618,0
l661,Ceftamin,15,50.9475448381,1
l661,Ceftamin,20,52.617490027200006,1
l661,Ceftamin,25,53.180656782700005,2
l661,Ceftamin,30,55.3290993571,2
l661,Ceftamin,35,56.4741287099,2
l661,Ceftamin,40,59.205668760500004,3
l661,Ceftamin,45,59.8519555174,3
y769,Ceftamin,0,45.0,0
y769,Ceftamin,5,46.4226517593,1
y769,Ceftamin,10,48.015162605600004,1
y769,Ceftamin,15,52.761021138400004,2
y769,Ceftamin,20,55.0257243359,2
y769,Ceftamin,25,58.3359590128,3
y769,Ceftamin,30,61.071948864300005,3
y769,Ceftamin,35,63.4306322123,3
y769,Ceftamin,40,64.2510276139,4
y769,Ceftamin,45,68.5947449754,4
y865,Ceftamin,0,45.0,0
y865,Ceftamin,5,46.7350059228,1
y865,Ceftamin,10,49.5227395512,1
y865,Ceftamin,15,50.8065185581,1
y865,Ceftamin,20,52.361982411599996,1
y865,Ceftamin,25,57.173538463,2
y865,Ceftamin,30,59.0332753041,3
y865,Ceftamin,35,61.153139910600004,3
y865,Ceftamin,40,63.469549459899994,3
y865,Ceftamin,45,64.7298365528,3
l471,Ceftamin,0,45.0,0
l471,Ceftamin,5,46.251872037700004,0
l471,Ceftamin,10,48.182063061899996,0
l471,Ceftamin,15,49.406879008599994,0
l471,Ceftamin,20,52.2283269846,0
l471,Ceftamin,25,52.8475589322,1
l471,Ceftamin,30,58.0936044633,1
l471,Ceftamin,35,61.4059991646,1
l471,Ceftamin,40,63.84485785,1
l471,Ceftamin,45,67.7486617382,1
b759,Ceftamin,0,45.0,0
b759,Ceftamin,5,48.0091904896,0
b759,Ceftamin,10,49.1333549892,0
b759,Ceftamin,15,51.587799059700004,0
b759,Ceftamin,20,54.44303502060001,0
b759,Ceftamin,25,55.0836323492,0
b759,Ceftamin,30,55.742828691899994,1
l490,Ceftamin,0,45.0,0
l490,Ceftamin,5,45.6125391753,1
l490,Ceftamin,10,47.2596059376,1
l490,Ceftamin,15,50.5248126764,1
l490,Ceftamin,20,51.9054469916,1
l490,Ceftamin,25,55.810033590799996,2
l490,Ceftamin,30,57.918381316499996,3
f436,Ceftamin,0,45.0,0
f436,Ceftamin,5,46.3707975921,1
f436,Ceftamin,10,48.146977582,2
f436,Ceftamin,15,48.722077849399994,2
l733,Ceftamin,0,45.0,0
l733,Ceftamin,5,46.174226268199995,0
l733,Ceftamin,10,48.3549515398,0
l733,Ceftamin,15,49.285195035600005,0
l733,Ceftamin,20,53.244311567,1
l733,Ceftamin,25,54.951668263500004,1
l733,Ceftamin,30,56.3190653669,1
l733,Ceftamin,35,57.6007977375,1
l733,Ceftamin,40,59.443506495200005,1
l733,Ceftamin,45,64.2998300327,1
l558,Ceftamin,0,45.0,0
l558,Ceftamin,5,45.809088816199996,0
l558,Ceftamin,10,46.7845349065,0
x822,Ceftamin,0,45.0,0
x822,Ceftamin,5,45.671104424700005,1
x822,Ceftamin,10,48.9837166792,1
x822,Ceftamin,15,49.694665333900005,1
x822,Ceftamin,20,51.9149096805,2
x822,Ceftamin,25,54.0413332582,2
x822,Ceftamin,30,55.4451548315,2
x822,Ceftamin,35,56.7965666526,2
x822,Ceftamin,40,59.5556846563,2
x822,Ceftamin,45,61.386660315200004,3
u149,Ceftamin,0,45.0,0
u149,Ceftamin,5,45.7920679201,0
u149,Ceftamin,10,47.4048343929,0
u149,Ceftamin,15,48.5223734258,0
u149,Ceftamin,20,50.3780578929,0
u149,Ceftamin,25,52.9253484646,0
k210,Ceftamin,0,45.0,0
k210,Ceftamin,5,47.918997705600006,0
k210,Ceftamin,10,49.3799323142,0
k210,Ceftamin,15,51.073557516,0
k210,Ceftamin,20,51.9976185453,0
k210,Ceftamin,25,54.613972794300004,0
k210,Ceftamin,30,59.9895097609,1
k210,Ceftamin,35,63.329330227,1
k210,Ceftamin,40,66.62283627560001,2
k210,Ceftamin,45,68.9231845721,3
a275,Ceftamin,0,45.0,0
a275,Ceftamin,5,46.795257280600005,0
a275,Ceftamin,10,47.3713432827,0
a275,Ceftamin,15,49.7344035867,0
a275,Ceftamin,20,50.513436516999995,1
a275,Ceftamin,25,53.5760641671,1
a275,Ceftamin,30,54.4447131688,2
a275,Ceftamin,35,56.35353803939999,2
a275,Ceftamin,40,60.921538678699996,3
a275,Ceftamin,45,62.9993561904,3
x581,Ceftamin,0,45.0,0
x581,Ceftamin,5,47.1969265953,0
x581,Ceftamin,10,49.0670278775,1
x581,Ceftamin,15,49.746427444300004,2
x581,Ceftamin,20,51.2079694323,3
x581,Ceftamin,25,51.9352831811,3
x581,Ceftamin,30,55.4928260178,3
x581,Ceftamin,35,58.0775829251,3
x581,Ceftamin,40,60.280405485799996,3
x581,Ceftamin,45,64.63494887479999,3
t573,Ceftamin,0,45.0,0
q483,Ceftamin,0,45.0,0
q483,Ceftamin,5,46.7768162388,1
q483,Ceftamin,10,47.8391004992,1
q483,Ceftamin,15,48.4684825962,1
q483,Ceftamin,20,50.2398558011,1
q483,Ceftamin,25,52.4300664882,1
q483,Ceftamin,30,54.952225851,1
q483,Ceftamin,35,59.253484331,1
q483,Ceftamin,40,64.19234113520001,1
o287,Ceftamin,0,45.0,0
o287,Ceftamin,5,45.5868036213,0
o287,Ceftamin,10,47.360200838199994,1
o287,Ceftamin,15,48.6794526075,1
o287,Ceftamin,20,50.8561407771,2
o287,Ceftamin,25,52.0684864185,3
o287,Ceftamin,30,54.5030012211,3
o287,Ceftamin,35,55.1182902851,4
o287,Ceftamin,40,57.1971928996,4
o287,Ceftamin,45,59.7419006401,4
b487,Ceftamin,0,45.0,0
b487,Ceftamin,5,46.2139773932,0
b487,Ceftamin,10,47.66438709810001,0
b487,Ceftamin,15,51.6832558567,0
b487,Ceftamin,20,53.4276634446,0
b487,Ceftamin,25,56.0577490854,1
p438,Ceftamin,0,45.0,0
p438,Ceftamin,5,46.82793417680001,0
p438,Ceftamin,10,50.5174978917,0
p438,Ceftamin,15,52.1983681772,0
p438,Ceftamin,20,52.9052986063,0
p438,Ceftamin,25,54.510574925,0
p438,Ceftamin,30,56.4064217341,0
p438,Ceftamin,35,57.5385554628,1
p438,Ceftamin,40,59.3052880573,1
p438,Ceftamin,45,61.4338922251,1
x226,Ceftamin,0,45.0,0
c927,Propriva,0,45.0,0
c927,Propriva,5,46.3518420477,0
c927,Propriva,10,50.965297666800005,1
c927,Propriva,15,53.266430869,1
c927,Propriva,20,55.481689223900005,1
c927,Propriva,25,56.5455194684,2
c927,Propriva,30,60.7539246042,2
c927,Propriva,35,61.8722736528,3
c927,Propriva,40,64.18322918060001,4
v991,Propriva,0,45.0,0
v991,Propriva,5,49.21432799,1
v991,Propriva,10,52.6449056961,1
v991,Propriva,15,54.5885909999,1
v991,Propriva,20,57.740694589600004,2
v991,Propriva,25,60.016747332799994,2
v991,Propriva,30,62.7436430758,3
v991,Propriva,35,63.8953129437,4
v991,Propriva,40,64.8511286037,4
v991,Propriva,45,70.1677489854,4
o562,Propriva,0,45.0,0
o562,Propriva,5,46.5149501609,1
o562,Propriva,10,47.1476700217,1
o562,Propriva,15,51.505085505299995,1
o562,Propriva,20,53.6168634714,1
o562,Propriva,25,54.742733155500005,1
o562,Propriva,30,59.653524533900004,1
o562,Propriva,35,65.3607674211,1
o562,Propriva,40,71.1724632085,1
o562,Propriva,45,72.4554211616,2
u946,Propriva,0,45.0,0
u946,Propriva,5,45.991807800100005,1
u946,Propriva,10,46.7305059208,1
u946,Propriva,15,47.6730292145,1
u946,Propriva,20,49.1100496594,1
g558,Propriva,0,45.0,0
g558,Propriva,5,46.18874192770001,0
g558,Propriva,10,50.0947538217,0
g558,Propriva,15,51.007258002,0
g558,Propriva,20,55.0900969102,1
g558,Propriva,25,55.754082566,2
g558,Propriva,30,58.9528291072,3
g558,Propriva,35,60.8621588345,4
g558,Propriva,40,61.7749626799,4
n678,Propriva,0,45.0,0
n678,Propriva,5,47.55428428729999,0
n678,Propriva,10,49.1457086645,1
z435,Propriva,0,45.0,0
z435,Propriva,5,47.1159796322,0
z435,Propriva,10,48.7106614712,0
x111,Propriva,0,45.0,0
x111,Propriva,5,46.94101497729999,1
x111,Propriva,10,49.1229689833,1
x209,Propriva,0,45.0,0
x209,Propriva,5,46.7542688725,0
x209,Propriva,10,48.929895429700004,0
g570,Propriva,0,45.0,0
g570,Propriva,5,47.6564243575,1
g570,Propriva,10,49.1882316674,1
g570,Propriva,15,52.68269539520001,1
g570,Propriva,20,54.643295405500005,1
g570,Propriva,25,56.8494055954,1
g570,Propriva,30,60.3287170509,1
g570,Propriva,35,62.3304203966,2
g570,Propriva,40,68.5258561579,2
g570,Propriva,45,70.4927876341,2
s187,Propriva,0,45.0,0
s187,Propriva,5,47.576717609300005,1
s187,Propriva,10,48.14635120649999,1
s187,Propriva,15,52.08163224689999,1
s187,Propriva,20,53.744734056300004,1
s187,Propriva,25,56.4852198404,1
s187,Propriva,30,60.00878262649999,2
r107,Propriva,0,45.0,0
r107,Propriva,5,48.513420271499996,0
r107,Propriva,10,49.1860105163,0
r107,Propriva,15,53.090335455600005,0
r107,Propriva,20,55.2638583958,0
r107,Propriva,25,57.70666715390001,1
r107,Propriva,30,58.406472558500006,1
w746,Propriva,0,45.0,0
w746,Propriva,5,49.4532700546,0
i635,Propriva,0,45.0,0
i635,Propriva,5,47.235937153100004,0
i635,Propriva,10,48.6857560472,1
i635,Propriva,15,49.536897745699996,1
i635,Propriva,20,51.8770618925,1
i635,Propriva,25,52.9288232312,1
i635,Propriva,30,53.5970381963,2
i635,Propriva,35,55.679996556800006,2
i635,Propriva,40,56.8424351425,3
i635,Propriva,45,58.633404140100005,3
o523,Propriva,0,45.0,0
o523,Propriva,5,45.5447000844,0
o523,Propriva,10,47.0810859034,1
s141,Propriva,0,45.0,0
s141,Propriva,5,45.8311343446,0
s141,Propriva,10,47.2356915575,0
s141,Propriva,15,49.2323453829,1
s141,Propriva,20,51.621645702799995,1
s141,Propriva,25,53.8043703838,1
s141,Propriva,30,55.841410065,1
l215,Propriva,0,45.0,0
l215,Propriva,5,49.481949353199994,1
l215,Propriva,10,53.6539695982,1
t198,Propriva,0,45.0,0
t198,Propriva,5,47.461260521999996,0
t198,Propriva,10,49.0008097751,1
t198,Propriva,15,49.7811807982,2
t198,Propriva,20,51.4907399809,3
t198,Propriva,25,56.184663987,3
t198,Propriva,30,56.9249743083,3
t198,Propriva,35,57.735941156,3
t198,Propriva,40,59.1299599699,4
t198,Propriva,45,64.9113626787,4
n482,Propriva,0,45.0,0
k603,Propriva,0,45.0,0
k603,Propriva,5,46.042115822700005,0
k603,Propriva,10,46.6069467587,0
k603,Propriva,15,48.7752854973,0
k603,Propriva,20,50.180109351000006,0
a699,Propriva,0,45.0,0
a699,Propriva,5,46.55308985520001,0
a699,Propriva,10,47.8673756864,0
a699,Propriva,15,49.530401373400004,0
a699,Propriva,20,50.7124233362,0
a699,Propriva,25,51.8463814709,0
a699,Propriva,30,54.37934505,0
a699,Propriva,35,56.5106823354,1
a699,Propriva,40,58.605448163599995,1
a699,Propriva,45,62.1914143712,1
p310,Propriva,0,45.0,0
p310,Propriva,5,46.55853236229999,1
p310,Propriva,10,48.6656066817,1
p310,Propriva,15,49.7707414379,1
p310,Propriva,20,54.2051805405,1
p310,Propriva,25,55.3418341569,2
w350,Propriva,0,45.0,0
w350,Propriva,5,48.232113105,0
w350,Propriva,10,48.899552379700005,0
w350,Propriva,15,50.8546323041,1
w350,Propriva,20,52.1323206066,1
w350,Propriva,25,52.8059151802,1
w350,Propriva,30,55.8799089617,1
w350,Propriva,35,56.683557576800006,1
w350,Propriva,40,62.324347690100005,2
w350,Propriva,45,64.957561848,2
g989,Propriva,0,45.0,0
g989,Propriva,0,45.0,0
g989,Propriva,5,48.786801463500005,0
g989,Propriva,5,47.5703920761,0
g989,Propriva,10,51.7451561314,0
g989,Propriva,10,49.8805278017,0
g989,Propriva,15,51.3258520692,1
g989,Propriva,15,53.442019761000005,0
g989,Propriva,20,55.3261220232,1
g989,Propriva,20,54.6576500822,1
g989,Propriva,25,56.0455635335,1
g989,Propriva,30,59.0822939412,1
g989,Propriva,35,62.5708796137,2
n630,Propriva,0,45.0,0
n630,Propriva,5,46.0990996926,0
d133,Zoniferol,0,45.0,0
o926,Zoniferol,0,45.0,0
o926,Zoniferol,5,46.7611637314,0
o926,Zoniferol,10,47.565673635900005,1
o926,Zoniferol,15,48.254248392799994,1
o926,Zoniferol,20,51.826638253,2
o926,Zoniferol,25,54.7633385212,3
o926,Zoniferol,30,56.9173983838,3
o926,Zoniferol,35,58.593993177200005,3
o926,Zoniferol,40,59.903044476999995,3
o926,Zoniferol,45,62.327966062899996,4
m331,Zoniferol,0,45.0,0
m331,Zoniferol,5,45.5230137147,1
m331,Zoniferol,10,47.646877348800004,1
m331,Zoniferol,15,52.1100875766,1
q511,Zoniferol,0,45.0,0
q511,Zoniferol,5,45.8326537772,0
q511,Zoniferol,10,50.3116468696,0
q511,Zoniferol,15,52.1330813859,0
q511,Zoniferol,20,52.6727120546,0
q511,Zoniferol,25,57.2575828717,0
q511,Zoniferol,30,59.364353504499995,1
q511,Zoniferol,35,60.8386605931,1
q511,Zoniferol,40,63.1944280711,2
q511,Zoniferol,45,68.61106074770001,3
s337,Zoniferol,0,45.0,0
s337,Zoniferol,5,46.8498515661,0
s337,Zoniferol,10,47.8944414988,0
s337,Zoniferol,15,48.5715158185,0
s337,Zoniferol,20,49.2020540787,1
s337,Zoniferol,25,50.9706888979,2
s337,Zoniferol,30,52.747717676099995,3
s337,Zoniferol,35,54.810812508400005,3
s337,Zoniferol,40,56.9948158925,4
s337,Zoniferol,45,62.1096510197,4
a788,Zoniferol,0,45.0,0
a788,Zoniferol,5,47.0065802437,0
a788,Zoniferol,10,50.1597213166,1
a788,Zoniferol,15,52.539949263800004,1
a788,Zoniferol,20,54.0609833167,1
a788,Zoniferol,25,56.7702802971,1
a788,Zoniferol,30,60.4137090758,1
c559,Zoniferol,0,45.0,0
c559,Zoniferol,5,46.562637930200005,0
c559,Zoniferol,10,47.2932601213,0
c559,Zoniferol,15,51.414903580200004,1
c559,Zoniferol,20,52.6043669453,2
c559,Zoniferol,25,54.555441683000005,2
c559,Zoniferol,30,57.146143883,2
c559,Zoniferol,35,59.4550407417,2
c559,Zoniferol,40,60.86184431229999,3
c559,Zoniferol,45,61.840058422,4
p136,Zoniferol,0,45.0,0
p136,Zoniferol,5,49.273970958999996,0
p136,Zoniferol,10,50.9078902812,0
p136,Zoniferol,15,51.9914161632,1
p136,Zoniferol,20,54.9137985665,1
p136,Zoniferol,25,56.2814765233,1
p136,Zoniferol,30,57.0528054555,1
p136,Zoniferol,35,57.6307819529,1
p136,Zoniferol,40,61.3802488668,1
p136,Zoniferol,45,63.488696780299996,2
j365,Zoniferol,0,45.0,0
j365,Zoniferol,5,46.7112610998,0
j365,Zoniferol,10,48.3493202828,0
j365,Zoniferol,15,49.588263358199995,0
j365,Zoniferol,20,50.939352777399996,1
j365,Zoniferol,25,51.810320400600006,1
j365,Zoniferol,30,54.4048817649,1
j365,Zoniferol,35,56.9612001622,2
j365,Zoniferol,40,62.327170655500005,2
j365,Zoniferol,45,64.2940849315,2
a401,Zoniferol,0,45.0,0
a401,Zoniferol,5,46.1119859138,0
a401,Zoniferol,10,47.7259374025,1
a401,Zoniferol,15,49.934725416599996,1
a401,Zoniferol,20,52.20451135729999,2
a401,Zoniferol,25,54.2098355061,3
a401,Zoniferol,30,55.9101615864,3
a401,Zoniferol,35,60.347144674,3
a401,Zoniferol,40,61.7686053849,4
a401,Zoniferol,45,66.79415598920001,4
f129,Zoniferol,0,45.0,0
f129,Zoniferol,5,47.0005939912,0
f129,Zoniferol,10,48.1797190801,1
f129,Zoniferol,15,49.988302463500006,1
q633,Zoniferol,0,45.0,0
q633,Zoniferol,5,47.1838021471,0
q633,Zoniferol,10,49.0018655887,0
q633,Zoniferol,15,50.5835572966,1
q633,Zoniferol,20,53.287286808000005,1
q633,Zoniferol,25,55.6831017,1
q633,Zoniferol,30,58.0572525749,1
q633,Zoniferol,35,63.125659298100004,1
q633,Zoniferol,40,68.4986387581,2
q633,Zoniferol,45,70.8277963054,2
x613,Zoniferol,0,45.0,0
x613,Zoniferol,5,46.0970405801,0
x613,Zoniferol,10,46.8181759016,0
x613,Zoniferol,15,48.077646404700005,0
w575,Zoniferol,0,45.0,0
w575,Zoniferol,5,48.9138597737,1
w575,Zoniferol,10,50.1359554709,1
w575,Zoniferol,15,50.8674517572,1
w575,Zoniferol,20,55.591815495,1
w575,Zoniferol,25,58.5873216927,1
w575,Zoniferol,30,60.1530652379,1
w575,Zoniferol,35,63.6864450308,2
w575,Zoniferol,40,64.938406207,3
w575,Zoniferol,45,68.4012859299,3
d164,Zoniferol,0,45.0,0
d164,Zoniferol,5,46.617670614,0
d164,Zoniferol,10,47.4746446813,1
g296,Zoniferol,0,45.0,0
g296,Zoniferol,5,46.593233366499994,0
g296,Zoniferol,10,48.2695086075,0
g296,Zoniferol,15,49.6532440363,1
g296,Zoniferol,20,51.4471183001,2
g296,Zoniferol,25,55.6701066045,3
g296,Zoniferol,30,57.997706416599996,3
g296,Zoniferol,35,60.3845197846,4
g296,Zoniferol,40,62.2219149274,4
g296,Zoniferol,45,68.16319517069999,4
k754,Zoniferol,0,45.0,0
k754,Zoniferol,5,45.727760403699996,0
k754,Zoniferol,10,49.746116661,0
k754,Zoniferol,15,51.3235699401,0
k754,Zoniferol,20,52.6934227606,1
k894,Zoniferol,0,45.0,0
k894,Zoniferol,5,47.645686743999995,0
k894,Zoniferol,10,49.2728701133,1
k894,Zoniferol,15,49.9877656973,1
k894,Zoniferol,20,50.981639363199996,1
k894,Zoniferol,25,52.3258383266,2
k894,Zoniferol,30,54.400122789300006,3
k894,Zoniferol,35,55.3626623753,4
k894,Zoniferol,40,58.647056157,4
k894,Zoniferol,45,60.7527041686,4
f545,Zoniferol,0,45.0,0
f545,Zoniferol,5,46.5658126328,0
f545,Zoniferol,10,51.0725122479,0
f545,Zoniferol,15,53.9455442904,1
f545,Zoniferol,20,58.841188880299995,1
f545,Zoniferol,25,60.2534813862,1
f545,Zoniferol,30,65.8939860721,1
f545,Zoniferol,35,66.74292417310001,1
f545,Zoniferol,40,71.1081183452,1
f545,Zoniferol,45,73.3244322804,1
n967,Zoniferol,0,45.0,0
n967,Zoniferol,5,46.077191731300005,1
n967,Zoniferol,10,47.471723269799995,1
n967,Zoniferol,15,49.8250036162,1
c264,Zoniferol,0,45.0,0
c264,Zoniferol,5,45.79170389350001,0
c264,Zoniferol,10,49.0265919617,0
c264,Zoniferol,15,53.6649416525,1
c264,Zoniferol,20,54.568195702299995,1
c264,Zoniferol,25,56.966768764099996,2
c264,Zoniferol,30,57.823915560699994,2
c264,Zoniferol,35,61.0747950616,2
c264,Zoniferol,40,65.7083227208,2
c264,Zoniferol,45,67.9421210707,2
f394,Zoniferol,0,45.0,0
f394,Zoniferol,5,47.0330996326,0
b313,Zoniferol,0,45.0,0
b313,Zoniferol,5,47.154432544799995,0
b313,Zoniferol,10,48.3193721835,1
b313,Zoniferol,15,49.188387346899994,1
b313,Zoniferol,20,53.979679695200005,1
b313,Zoniferol,25,55.7451462776,1
c302,Zoniferol,0,45.0,0
c302,Zoniferol,5,47.690679858500005,1
c302,Zoniferol,10,48.5335670388,1
c302,Zoniferol,15,52.71663458890001,2
c302,Zoniferol,20,54.0809083649,3
c302,Zoniferol,25,55.0762285293,3
c302,Zoniferol,30,57.419743886999996,3
c302,Zoniferol,35,62.2365715655,3
c302,Zoniferol,40,63.281071482399994,4
c302,Zoniferol,45,64.5752215711,4
w140,Zoniferol,0,45.0,0
w140,Zoniferol,5,47.71795156060001,0
i334,Ramicane,0,45.0,0
i334,Ramicane,5,41.0205182104,0
i334,Ramicane,10,41.631247305900004,0
i334,Ramicane,15,39.1580011524,0
i334,Ramicane,20,39.6878316954,0
i334,Ramicane,25,38.2488173201,1
i334,Ramicane,30,39.0055543531,1
i334,Ramicane,35,39.769552101799995,2
i334,Ramicane,40,40.442370366999995,2
i334,Ramicane,45,36.3745103858,2
q597,Ramicane,0,45.0,0
q597,Ramicane,5,45.766111039799995,0
q597,Ramicane,10,42.5379859779,0
q597,Ramicane,15,41.3956603602,0
q597,Ramicane,20,41.9255865973,0
q597,Ramicane,25,42.5757070942,1
q597,Ramicane,30,43.339161229300004,1
q597,Ramicane,35,43.8072014225,1
q597,Ramicane,40,44.471821213199995,2
q597,Ramicane,45,45.220868879499996,2
z578,Ramicane,0,45.0,0
z578,Ramicane,5,42.1887866197,0
z578,Ramicane,10,42.9521184289,0
z578,Ramicane,15,38.6885160717,0
z578,Ramicane,20,36.890016346799996,0
z578,Ramicane,25,37.4141141905,0
z578,Ramicane,30,37.8159348669,0
z578,Ramicane,35,38.504824438,0
z578,Ramicane,40,34.0220933558,0
z578,Ramicane,45,30.6386957475,0
e662,Ramicane,0,45.0,0
e662,Ramicane,5,45.8162825207,0
e662,Ramicane,10,46.4090838477,0
e662,Ramicane,15,43.5537733856,0
e662,Ramicane,20,44.0012957974,0
e662,Ramicane,25,44.6645943219,1
e662,Ramicane,30,45.350232415600004,1
e662,Ramicane,35,43.220276364700005,1
e662,Ramicane,40,44.0067238476,2
e662,Ramicane,45,40.6590062721,2
s508,Ramicane,0,45.0,0
s508,Ramicane,5,38.7118718494,0
s508,Ramicane,10,34.850997904699994,0
s508,Ramicane,15,35.276906340500005,0
s508,Ramicane,20,35.9286508321,0
s508,Ramicane,25,36.3385689369,0
s508,Ramicane,30,35.4740223478,0
s508,Ramicane,35,35.846140698,0
s508,Ramicane,40,32.798171188299996,0
s508,Ramicane,45,30.2762317489,0
n364,Ramicane,0,45.0,0
n364,Ramicane,5,45.5218747106,0
n364,Ramicane,10,40.3751381982,0
n364,Ramicane,15,36.940273989699996,0
n364,Ramicane,20,37.4788684978,0
n364,Ramicane,25,33.2050082421,0
n364,Ramicane,30,33.8177579986,0
n364,Ramicane,35,34.4875220422,1
n364,Ramicane,40,34.9547331119,1
n364,Ramicane,45,31.0953350465,1
w678,Ramicane,0,45.0,0
w678,Ramicane,5,43.1663726574,0
m546,Ramicane,0,45.0,0
m546,Ramicane,5,42.9988763811,0
m546,Ramicane,10,43.748223567,0
m546,Ramicane,15,39.8974353259,0
m546,Ramicane,20,36.7122953532,0
m546,Ramicane,25,37.4444454297,0
m546,Ramicane,30,37.9699336498,0
m546,Ramicane,35,38.6275358055,1
m546,Ramicane,40,35.1145752025,1
m546,Ramicane,45,30.564625086,1
u196,Ramicane,0,45.0,0
u196,Ramicane,5,45.5574644428,1
u196,Ramicane,10,46.4229430611,1
u196,Ramicane,15,47.2271706546,1
u196,Ramicane,20,46.1053630289,1
u196,Ramicane,25,46.7053253976,1
u196,Ramicane,30,47.622816356,2
u196,Ramicane,35,47.0014654238,2
u196,Ramicane,40,43.4536867949,2
u196,Ramicane,45,40.6677129221,3
a520,Ramicane,0,45.0,0
a520,Ramicane,5,38.7237069501,0
a520,Ramicane,10,36.4293878059,0
a520,Ramicane,15,35.5902540041,0
a520,Ramicane,20,35.9477451367,0
a520,Ramicane,25,36.5585812854,1
a520,Ramicane,30,36.9477098106,1
a520,Ramicane,35,37.6247102563,1
a520,Ramicane,40,38.259724974099996,1
a520,Ramicane,45,38.8103663256,1
g791,Ramicane,0,45.0,0
g791,Ramicane,5,45.8515306212,0
g791,Ramicane,10,40.1705584752,0
g791,Ramicane,15,40.6781285242,0
g791,Ramicane,20,41.2118970031,0
g791,Ramicane,25,35.5693993504,1
g791,Ramicane,30,34.952582842300004,1
g791,Ramicane,35,30.9603919427,1
g791,Ramicane,40,31.3694057336,1
g791,Ramicane,45,29.1284718087,1
i177,Ramicane,0,45.0,0
i177,Ramicane,5,44.0653978295,0
i177,Ramicane,10,41.0209292412,0
i177,Ramicane,15,40.3309347927,0
i177,Ramicane,20,35.345361359099996,0
i177,Ramicane,25,34.082180303099996,1
i177,Ramicane,30,34.711473016,1
i177,Ramicane,35,35.152166204299995,1
i177,Ramicane,40,35.5579327877,2
i177,Ramicane,45,33.5624021721,3
a644,Ramicane,0,45.0,0
a644,Ramicane,5,45.5501575368,0
a644,Ramicane,10,46.380712583299996,0
a644,Ramicane,15,46.9108916644,0
a644,Ramicane,20,45.8650646108,0
a644,Ramicane,25,41.481224077600004,0
a644,Ramicane,30,37.2111206315,0
a644,Ramicane,35,35.128630831399995,0
a644,Ramicane,40,35.7794508609,0
a644,Ramicane,45,32.9785219169,1
r921,Ramicane,0,45.0,0
r921,Ramicane,5,45.56821082850001,0
r921,Ramicane,10,42.7119269415,0
r921,Ramicane,15,43.5272605378,0
r921,Ramicane,20,44.136315884700004,0
r921,Ramicane,25,42.655340893099996,1
r921,Ramicane,30,43.4193807663,1
r811,Ramicane,0,45.0,0
r811,Ramicane,5,45.62580225399999,0
r811,Ramicane,10,39.453902997,0
r811,Ramicane,15,40.0222923465,0
r811,Ramicane,20,40.772802703400004,0
r811,Ramicane,25,37.6140106808,0
r811,Ramicane,30,38.242066388699996,0
r811,Ramicane,35,36.003020161,1
r811,Ramicane,40,36.5200328965,1
r811,Ramicane,45,37.2256503301,1
c758,Ramicane,0,45.0,0
c758,Ramicane,5,45.5786783011,0
c758,Ramicane,10,46.2879922276,0
c758,Ramicane,15,46.94094512149999,1
c758,Ramicane,20,43.1263113953,1
c758,Ramicane,25,43.602267302600005,1
c758,Ramicane,30,44.1182702761,1
c758,Ramicane,35,37.802385459899995,1
c758,Ramicane,40,32.8331885798,1
c758,Ramicane,45,33.3976525121,1
k403,Ramicane,0,45.0,0
k403,Ramicane,5,38.8258980681,0
k403,Ramicane,10,35.014271464000004,1
k403,Ramicane,15,34.2239917444,1
k403,Ramicane,20,32.9977285776,1
k403,Ramicane,25,33.4645773532,1
k403,Ramicane,30,31.0994975278,1
k403,Ramicane,35,26.546993430700002,1
k403,Ramicane,40,24.3655047062,1
k403,Ramicane,45,22.0501262735,1
y449,Ramicane,0,45.0,0
y449,Ramicane,5,45.8775449377,0
y449,Ramicane,10,46.3780924822,0
y449,Ramicane,15,44.1834509224,0
j989,Ramicane,0,45.0,0
j989,Ramicane,5,45.6207183526,1
j989,Ramicane,10,46.3438323743,1
j989,Ramicane,15,41.1283543948,1
j989,Ramicane,20,41.6353442608,1
j989,Ramicane,25,39.9341124852,1
j989,Ramicane,30,34.6717810711,1
j989,Ramicane,35,35.1155898014,1
j989,Ramicane,40,35.501190136700004,1
j989,Ramicane,45,36.134852433,1
d251,Ramicane,0,45.0,0
d251,Ramicane,5,41.746354951,1
d251,Ramicane,10,42.432257913200004,1
d251,Ramicane,15,39.4727874418,1
d251,Ramicane,20,37.6520908462,1
d251,Ramicane,25,38.0975132842,1
d251,Ramicane,30,38.718256383800004,2
d251,Ramicane,35,37.7085294203,2
d251,Ramicane,40,38.2654037868,2
d251,Ramicane,45,37.311235519499995,2
a444,Ramicane,0,45.0,0
a444,Ramicane,5,44.0059748662,0
a444,Ramicane,10,44.512559514799996,0
a444,Ramicane,15,43.001279573000005,0
a444,Ramicane,20,41.714618737100004,0
a444,Ramicane,25,42.2913943669,0
a444,Ramicane,30,42.786278345700005,0
a444,Ramicane,35,41.735950834200004,0
a444,Ramicane,40,42.5049255428,0
a444,Ramicane,45,43.0475426023,0
a411,Ramicane,0,45.0,0
a411,Ramicane,5,45.466677143000005,0
a411,Ramicane,10,40.759787622800005,1
a411,Ramicane,15,41.4841688531,1
a411,Ramicane,20,38.0873731814,1
a411,Ramicane,25,38.7014384033,1
a411,Ramicane,30,39.1307372379,1
a411,Ramicane,35,39.7172358898,1
a411,Ramicane,40,40.2588176479,1
a411,Ramicane,45,38.407618303,1
j913,Ramicane,0,45.0,0
j913,Ramicane,5,44.01490022,0
j913,Ramicane,10,44.497162163999995,0
j913,Ramicane,15,45.2525342738,0
j913,Ramicane,20,42.168341324699995,0
j913,Ramicane,25,37.8606693634,0
j913,Ramicane,30,34.7572404559,0
j913,Ramicane,35,35.1701484317,0
j913,Ramicane,40,31.001860776100003,1
j913,Ramicane,45,31.5604695499,1
q610,Ramicane,0,45.0,0
q610,Ramicane,5,45.6294942066,0
q610,Ramicane,10,44.9914847141,0
q610,Ramicane,15,45.8890275598,0
q610,Ramicane,20,46.5854334737,0
q610,Ramicane,25,40.146450191599996,0
q610,Ramicane,30,40.6683425615,1
q610,Ramicane,35,36.561652291,2
c458,Ramicane,0,45.0,0
c458,Ramicane,5,45.7222794933,0
c458,Ramicane,10,44.45437828479999,1
c458,Ramicane,15,45.107423133000005,2
c458,Ramicane,20,39.505135082399995,2
c458,Ramicane,25,37.7531496418,2
c458,Ramicane,30,38.342008229899996,2
a897,Placebo,0,45.0,0
a897,Placebo,5,45.6911240483,1
a897,Placebo,10,47.972927076800005,1
a897,Placebo,15,52.3430852455,2
a897,Placebo,20,54.5957054124,3
a897,Placebo,25,56.4133197742,3
a897,Placebo,30,59.9169344271,3
a897,Placebo,35,64.0528731025,3
a897,Placebo,40,67.211742786,4
a897,Placebo,45,72.2559630577,4
c757,Placebo,0,45.0,0
c757,Placebo,5,47.7832798083,0
c757,Placebo,10,49.219316685200006,0
c757,Placebo,15,51.5326030045,0
c757,Placebo,20,52.8186340079,1
c757,Placebo,25,57.106418205,2
c757,Placebo,30,60.0985718432,2
c757,Placebo,35,64.2911635123,2
c757,Placebo,40,66.6043677097,2
c757,Placebo,45,69.04284081770001,3
i477,Placebo,0,45.0,0
i477,Placebo,5,46.6573847087,0
i477,Placebo,10,47.5206320557,0
o302,Placebo,0,45.0,0
o302,Placebo,5,48.9370118777,0
o302,Placebo,10,49.7014498925,0
o302,Placebo,15,51.381488855,0
o302,Placebo,20,56.1776114258,0
o302,Placebo,25,60.517102525,0
o302,Placebo,30,62.03059364479999,1
t718,Placebo,0,45.0,0
t718,Placebo,5,45.9212527234,1
t718,Placebo,10,46.39268804859999,1
t718,Placebo,15,48.0851255155,1
t718,Placebo,20,52.6367000006,2
t718,Placebo,25,55.876587873999995,3
t718,Placebo,30,57.7041137204,3
t718,Placebo,35,60.4638985119,3
t718,Placebo,40,61.530398900200005,3
t718,Placebo,45,63.4236951662,4
w167,Placebo,0,45.0,0
w167,Placebo,5,48.786271943500005,0
w167,Placebo,10,51.8264096538,0
w167,Placebo,15,53.9004890913,0
w167,Placebo,20,57.548156688999995,0
w167,Placebo,25,61.868576732,0
w167,Placebo,30,67.1978718559,0
w167,Placebo,35,68.1342881703,0
x773,Placebo,0,45.0,0
x773,Placebo,5,45.850830700500005,1
x773,Placebo,10,47.18920597100001,2
x773,Placebo,15,47.671235576099996,3
x773,Placebo,20,49.7397128983,3
x773,Placebo,25,51.1044210864,3
x773,Placebo,30,52.813115177,4
x773,Placebo,35,55.1927363917,4
x773,Placebo,40,55.9876755056,4
x773,Placebo,45,58.63497148689999,4
s166,Placebo,0,45.0,0
s166,Placebo,5,47.1867877757,0
s166,Placebo,10,49.00012467649999,0
q582,Placebo,0,45.0,0
q582,Placebo,5,45.9553989471,1
q582,Placebo,10,47.013575143999994,1
q582,Placebo,15,48.322640182200004,2
q582,Placebo,20,51.1859764799,2
q582,Placebo,25,51.9682105622,2
q582,Placebo,30,52.64889349560001,2
q582,Placebo,35,53.71315791520001,2
y478,Placebo,0,45.0,0
y478,Placebo,5,48.6410781799,1
y478,Placebo,10,52.2889340897,1
y478,Placebo,15,53.610405845,1
y478,Placebo,20,56.8488501637,1
y478,Placebo,25,57.8269759771,1
y478,Placebo,30,59.3746145163,1
y478,Placebo,35,61.888026776800004,1
y478,Placebo,40,65.9711201741,1
y478,Placebo,45,66.842634534,1
o795,Placebo,0,45.0,0
o795,Placebo,5,46.760927208000005,1
o795,Placebo,10,51.1237037021,1
o795,Placebo,15,55.8863379287,2
o795,Placebo,20,60.610059159799995,3
o795,Placebo,25,65.7417772276,4
o795,Placebo,30,68.2170697425,4
o795,Placebo,35,69.0850941547,4
o795,Placebo,40,70.26647886960001,4
o795,Placebo,45,73.0594543492,4
l872,Placebo,0,45.0,0
t994,Placebo,0,45.0,0
t994,Placebo,5,47.8914870979,0
t994,Placebo,10,52.614163499200004,1
t994,Placebo,15,53.4586388685,1
t994,Placebo,20,56.527951594799994,1
v409,Placebo,0,45.0,0
v409,Placebo,5,46.2207964218,0
v409,Placebo,10,50.649038422299995,1
v989,Placebo,0,45.0,0
v989,Placebo,5,48.858134512700005,0
v989,Placebo,10,52.61468889020001,1
c282,Placebo,0,45.0,0
c282,Placebo,5,45.725689726400006,0
c282,Placebo,10,48.179506376400006,0
c282,Placebo,15,49.2660787336,0
c282,Placebo,20,51.9505742324,0
c282,Placebo,25,56.292200388000005,1
c282,Placebo,30,59.005902068500006,1
c282,Placebo,35,59.8876547494,1
c282,Placebo,40,65.0217994401,2
c282,Placebo,45,65.8151653496,2
e227,Placebo,0,45.0,0
e227,Placebo,5,47.238011122799996,0
e227,Placebo,10,51.3497570463,1
e227,Placebo,15,52.8339419644,1
e227,Placebo,20,56.607552103100005,1
e227,Placebo,25,60.600291685600006,1
e227,Placebo,30,62.4643851526,2
e227,Placebo,35,66.9491213569,3
e227,Placebo,40,70.7152176003,3
e227,Placebo,45,73.2129385077,3
c766,Placebo,0,45.0,0
c766,Placebo,5,47.3130553707,0
c766,Placebo,10,49.5002709847,1
c766,Placebo,15,50.5966332487,2
c766,Placebo,20,53.0068646304,3
c766,Placebo,25,58.214624371999996,3
c766,Placebo,30,60.2559244984,3
c766,Placebo,35,65.9523679089,4
c766,Placebo,40,67.68529455779999,4
c766,Placebo,45,69.8231457684,4
s152,Placebo,0,45.0,0
s152,Placebo,5,47.459052900299994,1
s152,Placebo,10,52.18164420350001,2
s152,Placebo,15,57.22498063689999,2
s152,Placebo,20,62.351609445600005,2
s152,Placebo,25,64.1191421308,2
n763,Placebo,0,45.0,0
n763,Placebo,5,46.0859814231,0
n763,Placebo,10,46.817315262600005,1
n763,Placebo,15,47.7980996091,1
n763,Placebo,20,49.2581258142,1
n763,Placebo,25,53.4058705293,2
n763,Placebo,30,55.41365960979999,3
n763,Placebo,35,57.3824129586,3
n763,Placebo,40,58.011145829600004,4
i669,Placebo,0,45.0,0
i669,Placebo,5,46.7646682399,1
i669,Placebo,10,48.2816334005,1
i669,Placebo,15,48.857600704,1
i669,Placebo,20,50.873690269700006,1
i669,Placebo,25,53.3031845548,2
r850,Placebo,0,45.0,0
r850,Placebo,5,46.8629119373,0
r850,Placebo,10,48.515090853800004,1
r850,Placebo,15,50.218604692,1
a262,Placebo,0,45.0,0
a262,Placebo,5,48.717568191000005,1
a262,Placebo,10,49.5951812923,1
a262,Placebo,15,53.82797367479999,2
a262,Placebo,20,57.01331331,2
a262,Placebo,25,60.1318621679,2
a262,Placebo,30,64.9580917839,3
a262,Placebo,35,66.5619630236,4
a262,Placebo,40,69.592731975,4
a262,Placebo,45,70.7176205811,4
q787,Placebo,0,45.0,0
q787,Placebo,5,47.1166158739,0
q787,Placebo,10,48.5938623364,1
q787,Placebo,15,49.2177324345,2
q787,Placebo,20,50.229934186099996,2
q787,Placebo,25,52.713187855200005,2
q787,Placebo,30,55.0362062491,2
q787,Placebo,35,60.3338524187,3
q787,Placebo,40,62.03412670310001,3
q787,Placebo,45,66.0964747731,3
j235,Placebo,0,45.0,0
j235,Placebo,5,46.588819783599995,0
j235,Placebo,10,48.018787924399994,1
j235,Placebo,15,51.1611381503,1
j235,Placebo,20,52.942901685699994,1
